Workbook

Sheet Summary
A1: Linden Studio operating expenses
A2: January to June 2026, US dollars. Linden Studio is a fictional company and all figures are illustrative.
A4: Reporting months | B4: =SUMPRODUCT((Budgets!$A$2:$A$1000<>"")/COUNTIF(Budgets!$A$2:$A$1000,Budgets!$A$2:$A$1000&"")) -> 6
A5: Transactions | B5: =COUNT(Transactions!$F$2:$F$1000) -> 42
A6: Actual spend | B6: =SUM(Transactions!$F$2:$F$1000) -> 10994.84
A7: Budget | B7: =SUM(Budgets!$C$2:$C$1000) -> 12600
A8: Under or over budget | B8: =B7-B6 -> 1605.16
A9: Budget used | B9: =IF(B7=0,"",B6/B7) -> 0.87260635
A10: Average spend per month | B10: =IF(B4=0,"",B6/B4) -> 1832.4733
A12: By month | G12: Actual and budget by month, USD
A13: Month | B13: Actual (USD) | C13: Budget (USD) | D13: Under or over | E13: Budget used
A14: 46023 | B14: =SUMIFS(Transactions!$F$2:$F$1000,Transactions!$B$2:$B$1000,">="&A14,Transactions!$B$2:$B$1000,"<"&EDATE(A14,1)) -> 1678.69 | C14: =SUMIFS(Budgets!$C$2:$C$1000,Budgets!$A$2:$A$1000,A14) -> 2100 | D14: =C14-B14 -> 421.31 | E14: =IF(C14=0,"",B14/C14) -> 0.79937619
A15: =EDATE(A14,1) -> 46054 | B15: =SUMIFS(Transactions!$F$2:$F$1000,Transactions!$B$2:$B$1000,">="&A15,Transactions!$B$2:$B$1000,"<"&EDATE(A15,1)) -> 2117.64 | C15: =SUMIFS(Budgets!$C$2:$C$1000,Budgets!$A$2:$A$1000,A15) -> 2100 | D15: =C15-B15 -> -17.64 | E15: =IF(C15=0,"",B15/C15) -> 1.0084
A16: =EDATE(A15,1) -> 46082 | B16: =SUMIFS(Transactions!$F$2:$F$1000,Transactions!$B$2:$B$1000,">="&A16,Transactions!$B$2:$B$1000,"<"&EDATE(A16,1)) -> 1706.24 | C16: =SUMIFS(Budgets!$C$2:$C$1000,Budgets!$A$2:$A$1000,A16) -> 2100 | D16: =C16-B16 -> 393.76 | E16: =IF(C16=0,"",B16/C16) -> 0.81249524
A17: =EDATE(A16,1) -> 46113 | B17: =SUMIFS(Transactions!$F$2:$F$1000,Transactions!$B$2:$B$1000,">="&A17,Transactions!$B$2:$B$1000,"<"&EDATE(A17,1)) -> 1799.74 | C17: =SUMIFS(Budgets!$C$2:$C$1000,Budgets!$A$2:$A$1000,A17) -> 2100 | D17: =C17-B17 -> 300.26 | E17: =IF(C17=0,"",B17/C17) -> 0.85701905
A18: =EDATE(A17,1) -> 46143 | B18: =SUMIFS(Transactions!$F$2:$F$1000,Transactions!$B$2:$B$1000,">="&A18,Transactions!$B$2:$B$1000,"<"&EDATE(A18,1)) -> 1903.69 | C18: =SUMIFS(Budgets!$C$2:$C$1000,Budgets!$A$2:$A$1000,A18) -> 2100 | D18: =C18-B18 -> 196.31 | E18: =IF(C18=0,"",B18/C18) -> 0.90651905
A19: =EDATE(A18,1) -> 46174 | B19: =SUMIFS(Transactions!$F$2:$F$1000,Transactions!$B$2:$B$1000,">="&A19,Transactions!$B$2:$B$1000,"<"&EDATE(A19,1)) -> 1788.84 | C19: =SUMIFS(Budgets!$C$2:$C$1000,Budgets!$A$2:$A$1000,A19) -> 2100 | D19: =C19-B19 -> 311.16 | E19: =IF(C19=0,"",B19/C19) -> 0.85182857
A20: Total | B20: =SUM(B14:B19) -> 10994.84 | C20: =SUM(C14:C19) -> 12600 | D20: =C20-B20 -> 1605.16 | E20: =IF(C20=0,"",B20/C20) -> 0.87260635
A22: By category
A23: Category | B23: Actual (USD) | C23: Budget (USD) | D23: Under or over | E23: Budget used
A24: =Lists!A2 -> Facilities | B24: =SUMIFS(Transactions!$F$2:$F$1000,Transactions!$C$2:$C$1000,A24) -> 8274.6 | C24: =SUMIFS(Budgets!$C$2:$C$1000,Budgets!$B$2:$B$1000,A24) -> 9000 | D24: =C24-B24 -> 725.4 | E24: =IF(C24=0,"",B24/C24) -> 0.9194
A25: =Lists!A3 -> Software | B25: =SUMIFS(Transactions!$F$2:$F$1000,Transactions!$C$2:$C$1000,A25) -> 797.94 | C25: =SUMIFS(Budgets!$C$2:$C$1000,Budgets!$B$2:$B$1000,A25) -> 900 | D25: =C25-B25 -> 102.06 | E25: =IF(C25=0,"",B25/C25) -> 0.8866
A26: =Lists!A4 -> Travel | B26: =SUMIFS(Transactions!$F$2:$F$1000,Transactions!$C$2:$C$1000,A26) -> 1514.8 | C26: =SUMIFS(Budgets!$C$2:$C$1000,Budgets!$B$2:$B$1000,A26) -> 1800 | D26: =C26-B26 -> 285.2 | E26: =IF(C26=0,"",B26/C26) -> 0.84155556
A27: =Lists!A5 -> Equipment | B27: =SUMIFS(Transactions!$F$2:$F$1000,Transactions!$C$2:$C$1000,A27) -> 407.5 | C27: =SUMIFS(Budgets!$C$2:$C$1000,Budgets!$B$2:$B$1000,A27) -> 900 | D27: =C27-B27 -> 492.5 | E27: =IF(C27=0,"",B27/C27) -> 0.45277778
A28: Total | B28: =SUM(B24:B27) -> 10994.84 | C28: =SUM(C24:C27) -> 12600 | D28: =C28-B28 -> 1605.16 | E28: =IF(C28=0,"",B28/C28) -> 0.87260635
A30: Checks
A31: Months add up to actual spend | B31: =IF(ROUND(B20-B6,2)=0,"OK","Check: a transaction falls outside the months listed") -> OK
A32: Categories add up to actual spend | B32: =IF(ROUND(B28-B6,2)=0,"OK","Check: a transaction has an unlisted category") -> OK
A33: Budgets add up by month and category | B33: =IF(AND(ROUND(C20-B7,2)=0,ROUND(C28-B7,2)=0),"OK","Check the Budgets sheet") -> OK
A35: How to use this workbook
A36: Add spending as new rows at the bottom of Transactions. Positive amounts are spend and negative amounts are refunds.
A37: Add or change budgets on the Budgets sheet, one row per month and category. Monthly mirrors those rows.
A38: Blue text marks values you type. Black text is calculated. Every total updates on its own.
A39: To report a different period, change the first month in the By month table.

Sheet Monthly
A1: Month | B1: Category | C1: Actual (USD) | D1: Budget (USD) | E1: Under or over | F1: Budget used | G1: Prior month actual | H1: Change on prior month | I1: Transactions | K1: Under or over is budget less actual: positive is under budget, brackets are over. The first month has no prior month in this data.
A2: =IF(Budgets!A2="","",Budgets!A2) -> 46023 | B2: =IF(Budgets!A2="","",Budgets!B2) -> Facilities | C2: =IF($A2="","",SUMIFS(Transactions!$F$2:$F$1000,Transactions!$C$2:$C$1000,$B2,Transactions!$B$2:$B$1000,">="&$A2,Transactions!$B$2:$B$1000,"<"&EDATE($A2,1))) -> 1380.2 | D2: =IF($A2="","",Budgets!C2) -> 1500 | E2: =IF($A2="","",D2-C2) -> 119.8 | F2: =IF(OR($A2="",N(D2)=0),"",C2/D2) -> 0.92013333 | G2: =IF($A2="","",SUMIFS(Transactions!$F$2:$F$1000,Transactions!$C$2:$C$1000,$B2,Transactions!$B$2:$B$1000,">="&EDATE($A2,-1),Transactions!$B$2:$B$1000,"<"&$A2)) -> 0 | H2: =IF($A2="","",C2-G2) -> 1380.2 | I2: =IF($A2="","",COUNTIFS(Transactions!$C$2:$C$1000,$B2,Transactions!$B$2:$B$1000,">="&$A2,Transactions!$B$2:$B$1000,"<"&EDATE($A2,1))) -> 2
A3: =IF(Budgets!A3="","",Budgets!A3) -> 46023 | B3: =IF(Budgets!A3="","",Budgets!B3) -> Software | C3: =IF($A3="","",SUMIFS(Transactions!$F$2:$F$1000,Transactions!$C$2:$C$1000,$B3,Transactions!$B$2:$B$1000,">="&$A3,Transactions!$B$2:$B$1000,"<"&EDATE($A3,1))) -> 87.99 | D3: =IF($A3="","",Budgets!C3) -> 150 | E3: =IF($A3="","",D3-C3) -> 62.01 | F3: =IF(OR($A3="",N(D3)=0),"",C3/D3) -> 0.5866 | G3: =IF($A3="","",SUMIFS(Transactions!$F$2:$F$1000,Transactions!$C$2:$C$1000,$B3,Transactions!$B$2:$B$1000,">="&EDATE($A3,-1),Transactions!$B$2:$B$1000,"<"&$A3)) -> 0 | H3: =IF($A3="","",C3-G3) -> 87.99 | I3: =IF($A3="","",COUNTIFS(Transactions!$C$2:$C$1000,$B3,Transactions!$B$2:$B$1000,">="&$A3,Transactions!$B$2:$B$1000,"<"&EDATE($A3,1))) -> 2
A4: =IF(Budgets!A4="","",Budgets!A4) -> 46023 | B4: =IF(Budgets!A4="","",Budgets!B4) -> Travel | C4: =IF($A4="","",SUMIFS(Transactions!$F$2:$F$1000,Transactions!$C$2:$C$1000,$B4,Transactions!$B$2:$B$1000,">="&$A4,Transactions!$B$2:$B$1000,"<"&EDATE($A4,1))) -> 210.5 | D4: =IF($A4="","",Budgets!C4) -> 300 | E4: =IF($A4="","",D4-C4) -> 89.5 | F4: =IF(OR($A4="",N(D4)=0),"",C4/D4) -> 0.70166667 | G4: =IF($A4="","",SUMIFS(Transactions!$F$2:$F$1000,Transactions!$C$2:$C$1000,$B4,Transactions!$B$2:$B$1000,">="&EDATE($A4,-1),Transactions!$B$2:$B$1000,"<"&$A4)) -> 0 | H4: =IF($A4="","",C4-G4) -> 210.5 | I4: =IF($A4="","",COUNTIFS(Transactions!$C$2:$C$1000,$B4,Transactions!$B$2:$B$1000,">="&$A4,Transactions!$B$2:$B$1000,"<"&EDATE($A4,1))) -> 1
A5: =IF(Budgets!A5="","",Budgets!A5) -> 46023 | B5: =IF(Budgets!A5="","",Budgets!B5) -> Equipment | C5: =IF($A5="","",SUMIFS(Transactions!$F$2:$F$1000,Transactions!$C$2:$C$1000,$B5,Transactions!$B$2:$B$1000,">="&$A5,Transactions!$B$2:$B$1000,"<"&EDATE($A5,1))) -> 0 | D5: =IF($A5="","",Budgets!C5) -> 150 | E5: =IF($A5="","",D5-C5) -> 150 | F5: =IF(OR($A5="",N(D5)=0),"",C5/D5) -> 0 | G5: =IF($A5="","",SUMIFS(Transactions!$F$2:$F$1000,Transactions!$C$2:$C$1000,$B5,Transactions!$B$2:$B$1000,">="&EDATE($A5,-1),Transactions!$B$2:$B$1000,"<"&$A5)) -> 0 | H5: =IF($A5="","",C5-G5) -> 0 | I5: =IF($A5="","",COUNTIFS(Transactions!$C$2:$C$1000,$B5,Transactions!$B$2:$B$1000,">="&$A5,Transactions!$B$2:$B$1000,"<"&EDATE($A5,1))) -> 0
A6: =IF(Budgets!A6="","",Budgets!A6) -> 46054 | B6: =IF(Budgets!A6="","",Budgets!B6) -> Facilities | C6: =IF($A6="","",SUMIFS(Transactions!$F$2:$F$1000,Transactions!$C$2:$C$1000,$B6,Transactions!$B$2:$B$1000,">="&$A6,Transactions!$B$2:$B$1000,"<"&EDATE($A6,1))) -> 1396.4 | D6: =IF($A6="","",Budgets!C6) -> 1500 | E6: =IF($A6="","",D6-C6) -> 103.6 | F6: =IF(OR($A6="",N(D6)=0),"",C6/D6) -> 0.93093333 | G6: =IF($A6="","",SUMIFS(Transactions!$F$2:$F$1000,Transactions!$C$2:$C$1000,$B6,Transactions!$B$2:$B$1000,">="&EDATE($A6,-1),Transactions!$B$2:$B$1000,"<"&$A6)) -> 1380.2 | H6: =IF($A6="","",C6-G6) -> 16.2 | I6: =IF($A6="","",COUNTIFS(Transactions!$C$2:$C$1000,$B6,Transactions!$B$2:$B$1000,">="&$A6,Transactions!$B$2:$B$1000,"<"&EDATE($A6,1))) -> 2
A7: =IF(Budgets!A7="","",Budgets!A7) -> 46054 | B7: =IF(Budgets!A7="","",Budgets!B7) -> Software | C7: =IF($A7="","",SUMIFS(Transactions!$F$2:$F$1000,Transactions!$C$2:$C$1000,$B7,Transactions!$B$2:$B$1000,">="&$A7,Transactions!$B$2:$B$1000,"<"&EDATE($A7,1))) -> 141.99 | D7: =IF($A7="","",Budgets!C7) -> 150 | E7: =IF($A7="","",D7-C7) -> 8.01 | F7: =IF(OR($A7="",N(D7)=0),"",C7/D7) -> 0.9466 | G7: =IF($A7="","",SUMIFS(Transactions!$F$2:$F$1000,Transactions!$C$2:$C$1000,$B7,Transactions!$B$2:$B$1000,">="&EDATE($A7,-1),Transactions!$B$2:$B$1000,"<"&$A7)) -> 87.99 | H7: =IF($A7="","",C7-G7) -> 54 | I7: =IF($A7="","",COUNTIFS(Transactions!$C$2:$C$1000,$B7,Transactions!$B$2:$B$1000,">="&$A7,Transactions!$B$2:$B$1000,"<"&EDATE($A7,1))) -> 3
A8: =IF(Budgets!A8="","",Budgets!A8) -> 46054 | B8: =IF(Budgets!A8="","",Budgets!B8) -> Travel | C8: =IF($A8="","",SUMIFS(Transactions!$F$2:$F$1000,Transactions!$C$2:$C$1000,$B8,Transactions!$B$2:$B$1000,">="&$A8,Transactions!$B$2:$B$1000,"<"&EDATE($A8,1))) -> 290.25 | D8: =IF($A8="","",Budgets!C8) -> 300 | E8: =IF($A8="","",D8-C8) -> 9.75 | F8: =IF(OR($A8="",N(D8)=0),"",C8/D8) -> 0.9675 | G8: =IF($A8="","",SUMIFS(Transactions!$F$2:$F$1000,Transactions!$C$2:$C$1000,$B8,Transactions!$B$2:$B$1000,">="&EDATE($A8,-1),Transactions!$B$2:$B$1000,"<"&$A8)) -> 210.5 | H8: =IF($A8="","",C8-G8) -> 79.75 | I8: =IF($A8="","",COUNTIFS(Transactions!$C$2:$C$1000,$B8,Transactions!$B$2:$B$1000,">="&$A8,Transactions!$B$2:$B$1000,"<"&EDATE($A8,1))) -> 2
A9: =IF(Budgets!A9="","",Budgets!A9) -> 46054 | B9: =IF(Budgets!A9="","",Budgets!B9) -> Equipment | C9: =IF($A9="","",SUMIFS(Transactions!$F$2:$F$1000,Transactions!$C$2:$C$1000,$B9,Transactions!$B$2:$B$1000,">="&$A9,Transactions!$B$2:$B$1000,"<"&EDATE($A9,1))) -> 289 | D9: =IF($A9="","",Budgets!C9) -> 150 | E9: =IF($A9="","",D9-C9) -> -139 | F9: =IF(OR($A9="",N(D9)=0),"",C9/D9) -> 1.9266667 | G9: =IF($A9="","",SUMIFS(Transactions!$F$2:$F$1000,Transactions!$C$2:$C$1000,$B9,Transactions!$B$2:$B$1000,">="&EDATE($A9,-1),Transactions!$B$2:$B$1000,"<"&$A9)) -> 0 | H9: =IF($A9="","",C9-G9) -> 289 | I9: =IF($A9="","",COUNTIFS(Transactions!$C$2:$C$1000,$B9,Transactions!$B$2:$B$1000,">="&$A9,Transactions!$B$2:$B$1000,"<"&EDATE($A9,1))) -> 1
A10: =IF(Budgets!A10="","",Budgets!A10) -> 46082 | B10: =IF(Budgets!A10="","",Budgets!B10) -> Facilities | C10: =IF($A10="","",SUMIFS(Transactions!$F$2:$F$1000,Transactions!$C$2:$C$1000,$B10,Transactions!$B$2:$B$1000,">="&$A10,Transactions!$B$2:$B$1000,"<"&EDATE($A10,1))) -> 1405 | D10: =IF($A10="","",Budgets!C10) -> 1500 | E10: =IF($A10="","",D10-C10) -> 95 | F10: =IF(OR($A10="",N(D10)=0),"",C10/D10) -> 0.93666667 | G10: =IF($A10="","",SUMIFS(Transactions!$F$2:$F$1000,Transactions!$C$2:$C$1000,$B10,Transactions!$B$2:$B$1000,">="&EDATE($A10,-1),Transactions!$B$2:$B$1000,"<"&$A10)) -> 1396.4 | H10: =IF($A10="","",C10-G10) -> 8.6 | I10: =IF($A10="","",COUNTIFS(Transactions!$C$2:$C$1000,$B10,Transactions!$B$2:$B$1000,">="&$A10,Transactions!$B$2:$B$1000,"<"&EDATE($A10,1))) -> 2
A11: =IF(Budgets!A11="","",Budgets!A11) -> 46082 | B11: =IF(Budgets!A11="","",Budgets!B11) -> Software | C11: =IF($A11="","",SUMIFS(Transactions!$F$2:$F$1000,Transactions!$C$2:$C$1000,$B11,Transactions!$B$2:$B$1000,">="&$A11,Transactions!$B$2:$B$1000,"<"&EDATE($A11,1))) -> 141.99 | D11: =IF($A11="","",Budgets!C11) -> 150 | E11: =IF($A11="","",D11-C11) -> 8.01 | F11: =IF(OR($A11="",N(D11)=0),"",C11/D11) -> 0.9466 | G11: =IF($A11="","",SUMIFS(Transactions!$F$2:$F$1000,Transactions!$C$2:$C$1000,$B11,Transactions!$B$2:$B$1000,">="&EDATE($A11,-1),Transactions!$B$2:$B$1000,"<"&$A11)) -> 141.99 | H11: =IF($A11="","",C11-G11) -> 0 | I11: =IF($A11="","",COUNTIFS(Transactions!$C$2:$C$1000,$B11,Transactions!$B$2:$B$1000,">="&$A11,Transactions!$B$2:$B$1000,"<"&EDATE($A11,1))) -> 3
A12: =IF(Budgets!A12="","",Budgets!A12) -> 46082 | B12: =IF(Budgets!A12="","",Budgets!B12) -> Travel | C12: =IF($A12="","",SUMIFS(Transactions!$F$2:$F$1000,Transactions!$C$2:$C$1000,$B12,Transactions!$B$2:$B$1000,">="&$A12,Transactions!$B$2:$B$1000,"<"&EDATE($A12,1))) -> 112.75 | D12: =IF($A12="","",Budgets!C12) -> 300 | E12: =IF($A12="","",D12-C12) -> 187.25 | F12: =IF(OR($A12="",N(D12)=0),"",C12/D12) -> 0.37583333 | G12: =IF($A12="","",SUMIFS(Transactions!$F$2:$F$1000,Transactions!$C$2:$C$1000,$B12,Transactions!$B$2:$B$1000,">="&EDATE($A12,-1),Transactions!$B$2:$B$1000,"<"&$A12)) -> 290.25 | H12: =IF($A12="","",C12-G12) -> -177.5 | I12: =IF($A12="","",COUNTIFS(Transactions!$C$2:$C$1000,$B12,Transactions!$B$2:$B$1000,">="&$A12,Transactions!$B$2:$B$1000,"<"&EDATE($A12,1))) -> 1
A13: =IF(Budgets!A13="","",Budgets!A13) -> 46082 | B13: =IF(Budgets!A13="","",Budgets!B13) -> Equipment | C13: =IF($A13="","",SUMIFS(Transactions!$F$2:$F$1000,Transactions!$C$2:$C$1000,$B13,Transactions!$B$2:$B$1000,">="&$A13,Transactions!$B$2:$B$1000,"<"&EDATE($A13,1))) -> 46.5 | D13: =IF($A13="","",Budgets!C13) -> 150 | E13: =IF($A13="","",D13-C13) -> 103.5 | F13: =IF(OR($A13="",N(D13)=0),"",C13/D13) -> 0.31 | G13: =IF($A13="","",SUMIFS(Transactions!$F$2:$F$1000,Transactions!$C$2:$C$1000,$B13,Transactions!$B$2:$B$1000,">="&EDATE($A13,-1),Transactions!$B$2:$B$1000,"<"&$A13)) -> 289 | H13: =IF($A13="","",C13-G13) -> -242.5 | I13: =IF($A13="","",COUNTIFS(Transactions!$C$2:$C$1000,$B13,Transactions!$B$2:$B$1000,">="&$A13,Transactions!$B$2:$B$1000,"<"&EDATE($A13,1))) -> 1
... A49: =IF(Budgets!A49="","",Budgets!A49) | B49: =IF(Budgets!A49="","",Budgets!B49) | C49: =IF($A49="","",SUMIFS(Transactions!$F$2:$F$1000,Transactions!$C$2:$C$1000,$B49,Transactions!$B$2:$B$1000,">="&$A49,Transactions!$B$2:$B$1000,"<"&EDATE($A49,1))) | D49: =IF($A49="","",Budgets!C49) | E49: =IF($A49="","",D49-C49) | F49: =IF(OR($A49="",N(D49)=0),"",C49/D49) | G49: =IF($A49="","",SUMIFS(Transactions!$F$2:$F$1000,Transactions!$C$2:$C$1000,$B49,Transactions!$B$2:$B$1000,">="&EDATE($A49,-1),Transactions!$B$2:$B$1000,"<"&$A49)) | H49: =IF($A49="","",C49-G49) | I49: =IF($A49="","",COUNTIFS(Transactions!$C$2:$C$1000,$B49,Transactions!$B$2:$B$1000,">="&$A49,Transactions!$B$2:$B$1000,"<"&EDATE($A49,1)))

Sheet Transactions
A1: Transaction ID | B1: Date | C1: Category | D1: Supplier | E1: Description | F1: Amount (USD)
A2: TX-001 | B2: 46027 | C2: Facilities | D2: Harbour Lane Properties | E2: Office rent | F2: 1200
A3: TX-002 | B3: 46033 | C3: Software | D3: Ledgerly | E3: Accounting subscription | F3: 75
A4: TX-003 | B4: 46042 | C4: Software | D4: Stowbox | E4: Cloud backup | F4: 12.99
A5: TX-004 | B5: 46043 | C5: Travel | D5: Railway ticket office | E5: Client visit, Leeds | F5: 210.5
A6: TX-005 | B6: 46046 | C6: Facilities | D6: Northgrid Energy | E6: Electricity and water | F6: 180.2
A7: TX-006 | B7: 46056 | C7: Equipment | D7: Deskline | E7: 27-inch monitor | F7: 289
A8: TX-007 | B8: 46058 | C8: Facilities | D8: Harbour Lane Properties | E8: Office rent | F8: 1200
A9: TX-008 | B9: 46064 | C9: Software | D9: Ledgerly | E9: Accounting subscription | F9: 75
A10: TX-009 | B10: 46067 | C10: Software | D10: Canvasworks | E10: Design tools | F10: 54
A11: TX-010 | B11: 46070 | C11: Travel | D11: Railway ticket office | E11: Client visit, York | F11: 315.25
A12: TX-011 | B12: 46073 | C12: Software | D12: Stowbox | E12: Cloud backup | F12: 12.99
A13: TX-012 | B13: 46075 | C13: Travel | D13: Railway ticket office | E13: Ticket refund, York | F13: -25
... A43: TX-042 | B43: 46197 | C43: Facilities | D43: Northgrid Energy | E43: Electricity and water | F43: 162.75

Sheet Budgets
A1: Month | B1: Category | C1: Budget (USD)
A2: 46023 | B2: Facilities | C2: 1500
A3: 46023 | B3: Software | C3: 150
A4: 46023 | B4: Travel | C4: 300
A5: 46023 | B5: Equipment | C5: 150
A6: 46054 | B6: Facilities | C6: 1500
A7: 46054 | B7: Software | C7: 150
A8: 46054 | B8: Travel | C8: 300
A9: 46054 | B9: Equipment | C9: 150
A10: 46082 | B10: Facilities | C10: 1500
A11: 46082 | B11: Software | C11: 150
A12: 46082 | B12: Travel | C12: 300
A13: 46082 | B13: Equipment | C13: 150
... A25: 46174 | B25: Equipment | C25: 150

Sheet Lists
A1: Category | C1: Categories used by the drop-downs on Transactions and Budgets. Add a new category here first.
A2: Facilities
A3: Software
A4: Travel
A5: Equipment
